Date,AGG,SPY,AAPL,CISCO
1/3/12,160.8308812,179.03,53.0632178,15.75277818
1/4/12,160.174781,177.51,53.34838598,16.05717969
1/5/12,159.415086,177.61,53.94065836,15.9979905
1/6/12,157.5849117,182.61,54.50454295,15.93880132
1/9/12,156.7647865,178.56,54.41808925,16.04026849
1/10/12,156.5230653,179.34,54.61293267,15.92189013
1/11/12,157.394988,178.9,54.52389826,16.12482447
1/12/12,155.8669651,175.93,54.37421722,16.19246925
1/13/12,154.6669924,178.42,54.17034133,16.11636887
1/17/12,155.3921558,181.66,54.80132432,16.32353101
1/18/12,156.3158758,189.44,55.37037033,16.52223755
1/19/12,155.8410664,194.45,55.19488222,16.73362749
1/20/12,162.7473845,190.93,54.23356866,16.84355026
1/23/12,164.0077875,186.09,55.15088115,16.76744988
1/24/12,165.6912025,187,54.24776255,16.75476648
1/25/12,165.5185446,187.8,57.63494118,16.76744988
1/26/12,164.8710773,193.316,57.37299937,16.76744988
1/27/12,164.4221666,195.37,57.71494312,16.53914875
1/30/12,166.1832777,192.15,58.45431582,16.53914875
1/31/12,166.2696067,194.44,58.90206858,16.61102132
2/1/12,166.2868724,179.46,58.86464832,16.74208309
2/2/12,165.3458866,181.72,58.72658047,16.74208309
2/3/12,167.167428,187.68,59.31498178,16.98729541
2/6/12,166.4595304,183.14,59.86854355,17.07185139
2/7/12,166.917074,184.19,60.49565548,17.08030699
2/8/12,167.2192254,185.48,61.50858318,17.27478573
2/9/12,167.3752216,184.98,63.63637654,16.91119504
2/10/12,166.7599033,185.54,63.66863538,16.82241126
2/13/12,166.9332324,191.59,64.85318013,16.93656183
2/14/12,166.5865743,191.3,65.73836282,16.97038422
2/15/12,166.6125736,184.47,64.21703573,16.83509466
2/16/12,167.2798906,179.93,64.80285634,17.07185139
2/17/12,167.6265487,182.5,64.79124315,17.15640736
2/21/12,167.6005493,182.26,66.43386349,17.21559655
2/22/12,168.0165391,180.58,66.20030946,17.01266221
2/23/12,171.2577928,178.89,66.63257797,17.10567378
2/24/12,171.3877896,179.13,67.40937094,17.0295734
2/27/12,171.1884612,178.53,67.84163945,17.05494019
2/28/12,171.5784516,183.8,69.08683083,17.08030699
2/29/12,170.4951449,179.69,69.99394953,16.80972787
3/1/12,171.1884612,180.04,70.25589134,16.80972787
3/2/12,172.2977673,179.3,70.34750646,16.7082607
3/5/12,173.9010612,180.26,68.79650123,16.57297114
3/6/12,170.954467,181.09,68.42229864,16.47150397
3/7/12,171.3964561,183.77,68.47778385,16.41231478
3/8/12,173.1644127,187.64,69.93588361,16.64061592
3/9/12,173.8663954,184.32,70.3462161,16.74208309
3/12/12,174.1957207,183.39,71.22752772,16.76744988
3/13/12,176.6049948,184.59,73.30499728,17.09721818
3/14/12,177.4196415,182.26,76.07667717,17.07607919
3/15/12,178.5289475,184.43,75.55795495,16.83509466
3/16/12,178.537614,185.05,75.55924531,16.93656183
3/19/12,178.2862868,185.52,77.5631647,17.0295734
3/20/12,177.0123181,192.33,78.19027663,17.3931641
3/21/12,177.3936421,191.73,77.74381423,17.33397491
3/22/12,178.0869584,192.4,77.33606244,17.23250774
3/23/12,178.078292,195.04,76.91153605,17.35934171
3/26/12,180.0629099,202.87,78.32189271,17.62146523
3/27/12,179.5515891,205.44,79.28965804,17.68065441
3/28/12,179.6469201,201.16,79.69482912,17.82439957
3/29/12,180.4962326,204.61,78.6935146,17.78212158
3/30/12,180.8255578,202.51,77.36315987,17.88358875
4/2/12,181.536207,198.05,79.82515485,17.91741114
4/3/12,181.5622064,199.66,81.20454302,17.67219881
4/4/12,178.5722798,193.99,80.55807578,17.28174677
4/5/12,178.0696255,194.39,81.76713726,17.16291354
4/9/12,177.6103034,191.87,82.09617747,16.94222326
4/10/12,175.348359,186.98,81.09099189,16.59421166
4/11/12,175.5650204,187.97,80.80195265,16.98890774
4/12/12,177.9396287,190.69,80.3593613,17.02710414
4/13/12,175.7556823,188.46,78.0960808,16.8488543
4/16/12,175.6863507,185.5,74.85729286,16.7427532
4/17/12,179.7855833,188.39,78.67286894,17.04408032
4/18/12,173.4417392,191.07,78.49738082,17.02710414
4/19/12,172.9044191,191.1,75.80054146,16.89553878
4/20/12,172.9824171,189.98,73.93468992,16.89978282
4/23/12,172.1331047,188.24,73.76952464,16.7045568
4/24/12,173.3290753,190.33,72.29594064,16.48386652
4/25/12,176.4229993,194.42,78.71157955,16.54328313
4/26/12,178.1649565,195.99,78.41479818,16.6366521
4/27/12,179.2309303,226.85,77.80833192,16.95919944
4/30/12,179.4649246,231.9,75.35407906,17.10774097
5/1/12,180.2622383,230.04,75.11536361,16.95919944
5/2/12,180.314237,230.25,75.61214981,16.84036621
5/3/12,179.6035878,229.45,75.07536264,16.73850915
5/4/12,177.6536357,223.99,72.93724646,16.22922389
5/7/12,176.5789954,225.16,73.4830661,16.19527153
5/8/12,175.348359,223.9,73.31532011,15.88121229
5/9/12,175.1307836,222.98,73.44435549,15.9406289
5/10/12,174.5824936,226.69,73.61726289,14.2684756
5/11/12,175.0785655,227.68,73.12563811,14.00958892
5/14/12,173.5729438,222.93,72.03012776,14.17935068
5/15/12,173.2248232,224.39,71.37849911,14.03929723
5/16/12,173.8253313,224.06,70.46299312,14.16661855
5/17/12,172.2239764,218.36,68.40423369,14.04778532
5/18/12,170.4746703,213.85,68.43778289,13.97988062
5/21/12,172.1108372,218.11,72.42497602,14.14964237
5/22/12,171.2927537,215.33,71.86883354,14.2005709
5/23/12,170.6835426,217.28,73.62242431,14.16661855
5/24/12,170.6574336,215.24,72.94627894,13.91197591
5/25/12,169.0995938,212.89,72.55530175,13.86104739
5/29/12,170.9794452,214.75,73.8430748,14.08173767
5/30/12,169.2997631,209.23,74.7334189,13.91197591
5/31/12,167.8811716,212.91,74.54760796,13.86104739
6/1/12,164.5566196,208.22,72.38755576,13.54698814
6/4/12,164.0866568,214.57,72.8133725,13.67430946
6/5/12,164.6610558,213.21,72.62498085,13.68279754
6/6/12,168.8298003,217.64,73.73855615,14.16237451
6/7/12,169.221436,218.8,73.77210534,14.07324958
6/8/12,169.8306471,218.48,74.88180958,14.2005709
6/11/12,167.541754,216.5,73.70113589,13.98412466
6/12/12,169.3171692,216.42,74.34502242,14.25149943
6/13/12,168.0552319,214.73,73.82888091,14.13691024
6/14/12,169.795835,214.45,73.74758862,14.36184457
6/15/12,173.2770413,218.35,74.0830806,14.51463015
6/18/12,172.572097,222.66,75.58634274,14.5485825
6/19/12,173.12909,224.03,75.7966704,14.58253485
6/20/12,172.9985448,223.02,75.58131036,14.86264175
6/21/12,168.3076194,220.575,74.53986583,14.36608861
6/22/12,168.5774129,222.16,75.11149255,14.54009441
6/25/12,167.8463595,220.07,73.64887656,14.3745767
6/26/12,167.0543851,225.61,73.81146113,14.27271965
6/27/12,167.9682018,225.62,74.13082369,14.2005709
6/28/12,166.5757193,221.31,73.42758089,13.98836871
6/29/12,170.2135798,228.35,75.35665977,14.57404676
7/2/12,170.4311552,229.32,76.45604117,14.56555868
7/3/12,170.5181853,229.53,77.34509491,14.62525359
7/5/12,169.9611923,227.06,78.70383743,14.44616885
7/6/12,166.5844223,225.05,78.1799538,14.30119549
7/9/12,165.0700975,225.05,79.21352716,14.19886136
7/10/12,162.1023692,219.5,78.48060623,13.99419308
7/11/12,161.2233646,218.37,77.9928525,13.96860955
7/12/12,159.3435133,215.36,77.27928687,13.62749576
7/13/12,161.8847938,218.39,78.06253161,13.90891464
7/16/12,160.8230259,216.01,78.31286024,13.8065805
7/17/12,159.8308821,216.93,78.3167313,13.84069188
7/18/12,163.8342693,217.47,78.22898724,14.24150058
7/19/12,170.0047074,226.17,79.26901238,14.22018097
7/20/12,167.4895359,228.29,77.9760779,13.95155386
7/23/12,166.0796474,226.01,77.91543128,13.70424637
7/24/12,165.6531996,223.04,77.53993833,12.89410112
7/25/12,166.2972228,217.05,74.19147032,13.14993646
7/26/12,168.7949882,220.01,74.17985713,13.11582508
7/27/12,170.9185241,237.32,75.5063408,13.38018827
7/30/12,171.1709115,236.09,76.77991997,13.53368947
7/31/12,170.5617004,233.3,78.80964644,13.60191223
8/1/12,169.8654592,232.09,78.2999567,13.62749576
8/2/12,169.230139,230.81,78.42641137,13.42282749
8/3/12,172.7722664,234.97,79.44708119,13.94302602
8/6/12,172.9811388,233.99,80.33097352,14.23297273
8/7/12,173.9993916,236.56,80.11987165,14.61672574
8/8/12,173.9558765,234.38,79.98386836,14.63378143
8/9/12,173.4227253,234.06,80.43807288,15.09428504
8/10/12,174.1831213,232.75,80.56377155,14.95783953
8/13/12,173.9383961,232.44,81.63933742,14.78728264
8/14/12,173.3091029,233.19,81.85833818,14.64230928
8/15/12,173.4052449,237.42,81.74689401,14.79581048
8/16/12,175.5378498,241.55,82.46091424,16.21996054
8/17/12,175.8699767,241.17,83.98614441,16.25407192
8/20/12,175.2406835,240.35,86.1942941,16.15173778
8/21/12,173.6237495,239.45,85.01661426,16.33935036
8/22/12,172.4001238,243.1,86.67635495,16.38966465
8/23/12,171.0453953,241.198,85.86773675,16.30950291
8/24/12,172.8546134,245.74,85.94445181,16.37346174
8/27/12,171.0366552,243.92,87.55883731,16.50990726
8/28/12,170.3199601,246.11,87.44480142,16.39051743
8/29/12,170.5035039,247.12,87.27193336,16.37346174
8/30/12,169.0089325,246.22,86.02816453,16.1176264
8/31/12,170.3024797,248.27,86.20595687,16.27112761
9/4/12,170.031534,247.88,87.46683108,16.19864093
9/5/12,170.4685432,246.22,86.85259225,16.1176264
9/6/12,174.0170578,251.38,87.6352932,16.82117359
9/7/12,174.3666651,259.14,88.17566786,16.68046415
9/10/12,175.6339918,257.09,85.88199124,16.33082252
9/11/12,177.6617144,255.67,85.6033808,16.23701623
9/12/12,178.0987236,255.63,86.7955743,16.27112761
9/13/12,180.3624312,260.24,88.50481694,16.50990726
9/14/12,180.7557394,261.27,89.58038281,16.62076924
9/17/12,181.0529057,258,90.68199552,16.33935036
9/18/12,180.9829842,258.75,90.95788465,16.24128015
9/19/12,180.4236125,261.68,90.98250604,16.30523899
9/20/12,180.2051079,260.81,90.54191279,16.29671114
9/21/12,180.0303042,257.47,90.72268561,16.1176264
9/24/12,179.4272315,254.805,89.51688555,16.03661188
9/25/12,179.1562858,252.46,87.28152274,15.91722205
9/26/12,178.2997478,249.67,86.19818169,15.84047145
9/27/12,179.9691229,256.59,88.28970376,16.02808403
9/28/12,181.3151112,254.32,86.44763522,16.28391937
10/1/12,183.9546467,252.01,85.4478773,16.23701623
10/2/12,183.4040151,250.6,85.6966829,16.2114327
10/3/12,183.9896074,255.92,87.01068748,16.26297938
10/4/12,183.8847252,260.47,86.40811142,16.23291048
10/5/12,184.0595289,258.51,84.56669081,16.20284158
10/8/12,183.3865347,259.06,82.69805708,16.23720604
10/9/12,181.7870811,250.96,82.39741698,16.15129489
10/10/12,179.8904613,244.99,83.05312341,15.73033029
10/11/12,179.8380202,244.22,81.39312355,15.68737472
10/12/12,181.6210176,242.36,81.60227575,15.81194588
10/15/12,182.6086584,244.18,82.25616797,15.93651704
10/16/12,184.4178764,243.94,84.20417327,16.19648416
10/17/12,175.3543059,247.49,83.53305904,16.06967931
10/18/12,170.3986217,244.85,81.98144512,15.98376817
10/19/12,169.0001923,240,79.02687862,15.49845612
10/22/12,169.9091715,233.78,82.16157001,15.62723692
10/23/12,167.1560136,234.31,79.48242613,15.47259686
10/24/12,166.6927838,228.49,79.93268651,14.93135666
10/25/12,167.46192,222.92,78.98774358,14.77671661
10/26/12,168.9215307,238.24,78.27009492,14.85403663
10/31/12,170.0227938,232.8931,77.14528628,14.72946548
11/1/12,172.312722,232.14,77.30336854,15.03874559
11/2/12,169.0613736,232.4224,74.74534893,14.90558332
11/5/12,169.6819267,234.33,75.75885595,14.94853889
11/6/12,170.4947638,237.56,75.52928095,15.01726781
11/7/12,167.8202675,232.0608,72.65277721,14.78530772
11/8/12,166.8896885,227.35,70.01594608,14.45884538
11/9/12,166.4858524,226.31,71.22812359,14.45025426
11/12/12,166.1434695,226.47,70.67737054,14.48032316
11/13/12,165.3270181,226.6,70.68622426,14.47602761
11/14/12,162.8601058,222.95,69.90267063,15.17259515
11/15/12,163.1585934,220.599,68.43659987,15.41357591
11/16/12,164.1155096,225.23,68.7045549,15.45541464
11/19/12,167.1091647,229.71,73.6589887,15.72242647
11/20/12,166.0995743,233.78,73.03185936,15.75610364
11/21/12,167.0564904,238.03,73.13427599,15.87637924
11/23/12,169.8657856,239.88,74.41025232,16.18565935
11/26/12,169.3302637,243.62,76.75778836,16.37036831
11/27/12,167.8817209,243.4017,76.13933045,16.40877059
11/28/12,168.5401494,247.11,75.89975938,16.29652105
11/29/12,168.1450923,251.27,76.73565408,16.45230299
11/30/12,166.8633514,252.05,76.20443128,16.36575747
12/3/12,166.3453876,250.3291,76.3229148,16.46978518
12/4/12,166.240039,252.4881,74.97603064,16.59077582
12/5/12,165.6167267,253.96,70.15165528,16.62539402
12/6/12,166.5385266,253.37,71.2521458,16.85906692
12/7/12,168.5138123,253.2681,69.43003858,16.73357592
12/10/12,169.1020084,247.77,68.98356405,17.12735803
12/11/12,170.4890979,250.69,70.48961974,17.11870348
12/12/12,169.391717,251.76,70.17869816,17.07543072
12/13/12,168.5489285,251.25,68.96652065,17.08408527
12/14/12,168.3470104,249.19,66.37602829,17.18793989
12/17/12,169.9799132,253.86,67.55253055,17.40430369
12/18/12,171.797176,260.4,69.51466966,17.63918822
12/19/12,171.2616541,257.99,68.52643902,17.54251688
12/20/12,170.9895036,261.5,67.93014142,17.51681286
12/21/12,169.8043322,256.92,67.61763138,17.27448541
12/24/12,168.9088694,258.62,67.72674038,17.16197623
12/26/12,168.5138123,248.6314,66.79338974,17.2398672
12/27/12,169.1810199,248.31,67.06167027,17.0061943
12/28/12,166.6526543,245.18,66.34936299,16.83258399
12/31/12,168.1626504,250.87,69.28979837,17.00567503
1/2/13,172.3765931,257.31,71.48462088,17.60335838
1/3/13,171.428456,258.48,70.5817895,17.69855845
1/4/13,170.3047379,259.15,68.61627817,17.72616647
1/7/13,169.5585189,268.4592,68.212653,17.56034525
1/8/13,169.3214846,266.38,68.39623735,17.57739472
1/9/13,168.838637,266.35,67.32728167,17.56874017
1/10/13,169.3302637,265.34,68.16187435,17.68990389
1/11/13,170.7085741,267.94,67.743927,17.7245221
1/14/13,169.1020084,272.73,65.32868609,18.14859514
1/15/13,168.9966599,271.9,63.26759371,18.15724969
1/16/13,169.0756713,268.93,65.89376132,18.20052245
1/17/13,170.0062503,270.48,65.44977364,18.13128604
1/18/13,170.7261322,272.12,65.10083317,18.18754062
1/22/13,172.1395588,270.19,65.72189512,18.06204962
1/23/13,179.7246556,268.11,66.92430751,17.84568583
1/24/13,179.4612842,273.62,58.65585069,18.1918679
1/25/13,179.9441318,283.99,57.27310899,18.30437707
1/28/13,179.9090156,276.04,58.56861557,18.22648611
1/29/13,179.0047738,260.35,59.66751764,17.98415866
1/30/13,178.67117,272.764,59.48002724,17.81106762
1/31/13,178.2761128,265.5,59.30555701,17.80241307
2/1/13,180.1284918,265,59.06207989,18.02743142
2/4/13,178.9082042,259.98,57.59028025,18.01877686
2/5/13,178.0302995,266.89,59.61205173,18.24379521
2/6/13,177.2226272,262.22,59.5477321,18.33899528
2/7/13,176.0941575,260.23,61.30805863,18.25677704
2/8/13,177.8044943,261.95,62.19320339,18.31303162
2/11/13,176.4644366,257.21,62.84134932,18.40823169
2/12/13,176.3586426,258.7,61.26615829,18.14859514
2/13/13,176.4027235,269.47,61.14962296,18.29572252
2/14/13,176.014812,269.24,61.09462876,18.16590424
2/15/13,177.1873625,265.09,60.25269374,18.16590424
2/19/13,176.6054953,269.75,60.23043418,18.57266818
2/20/13,175.7150623,266.41,58.77177848,18.26543159
2/21/13,174.8510777,265.94,58.40645986,17.96684955
2/22/13,177.2843403,265.42,59.02841808,18.08801328
2/25/13,174.1281519,259.87,57.97960011,17.88030403
2/26/13,175.5651874,259.36,58.7874911,17.83530037
2/27/13,178.3775453,263.25,58.21136138,18.07935873
2/28/13,177.05512,264.27,57.79628611,18.04906779
3/1/13,178.8888831,265.74,56.3651275,18.02743142
3/4/13,180.8989696,273.11,55.00074757,17.94954045
3/5/13,182.0803362,275.59,56.4533801,18.36322803
3/6/13,183.7113275,273.79,55.73557485,18.79335925
3/7/13,184.628209,273.88,56.37979262,18.86865385
3/8/13,185.4745613,274.19,56.52880072,18.8928866
3/11/13,185.2100762,271.24,57.33407294,18.93615935
3/12/13,185.6244361,274.13,56.09801282,18.78037742
3/13/13,186.9556776,275.1,56.08753773,18.67219552
3/14/13,190.2529248,265.74,56.63093281,18.68517735
3/15/13,189.4771019,261.82,58.09220728,18.97510484
3/18/13,187.9695371,257.89,59.67132647,18.75441377
3/19/13,188.1723089,256.41,59.51027203,18.62459549
3/20/13,189.6005283,257.278,59.19471007,18.75441377
3/21/13,187.132001,253.39,59.27982014,18.03608597
3/22/13,186.97331,257.75,60.48183624,17.958195
3/25/13,185.7919433,256.02,60.70050366,18.04474052
3/26/13,187.2201627,260.31,60.38048978,18.04041324
3/27/13,185.9241859,265.3,59.19471007,18.02743142
3/28/13,188.0488826,266.49,57.96126871,18.083686
4/1/13,187.237795,261.61,56.16086333,18.02743142
4/2/13,188.9833965,263.322,56.27635115,18.36495894
4/3/13,187.4846478,259.03,56.56415414,18.34505347
4/4/13,186.294465,259.08,56.00504643,18.35630438
4/5/13,184.6193929,255.48,55.41320408,17.98115178
4/8/13,184.5400474,258.95,55.80732918,17.94625386
4/9/13,184.4518857,261.14,55.90815188,18.29523303
4/10/13,186.9027806,264.77,57.04862686,18.73145699
4/11/13,187.7138682,269.85,56.8705504,18.9190333
4/12/13,186.3561781,272.87,56.27739866,18.79252835
4/15/13,184.4871503,267.72,54.97455986,18.36502886
4/16/13,186.9027806,272.34,55.81125734,18.46099814
4/17/13,184.8486133,267.4,52.74205719,17.99860073
4/18/13,182.6269387,259.42,51.33446753,17.95497834
4/19/13,167.507209,260.32,51.1354409,17.85028459
4/22/13,165.5941004,263.55,52.20128088,17.96370282
4/23/13,168.9266122,268.9,53.17808264,18.24288615
4/24/13,169.0147739,268.78,53.09061567,17.78921323
4/25/13,170.9895958,274.7,53.47269443,18.00732521
4/26/13,171.3069778,254.81,54.62822733,18.03349865
4/29/13,175.5740036,249.74,56.319299,18.30395751
4/30/13,178.5626848,253.81,57.97698134,18.25161063
5/1/13,175.9971797,248.23,57.52000572,17.78048875
5/2/13,178.4304423,252.55,58.33575303,18.08584553
5/3/13,180.2994701,258.05,58.91973906,18.17309032
5/6/13,178.7742729,255.72,60.32470995,18.15564136
5/7/13,179.5236472,257.73,60.056024,17.78048875
5/8/13,181.4103074,258.68,60.73454768,18.07712105
5/9/13,180.0108919,260.16,60.20817462,18.17309032
5/10/13,181.1003103,263.63,59.70728563,18.40865126
5/13/13,179.3288982,264.51,59.94059445,18.55696741
5/14/13,179.9843207,268.33,58.50647019,18.55696741
5/15/13,180.0817484,266.56,56.52795868,18.50462053
5/16/13,181.2951656,264.12,57.28298292,20.84016363
5/17/13,184.6165632,269.9,57.10925353,21.14813775
5/20/13,183.8725701,267.63,58.3838842,20.89076561
5/21/13,184.8025615,268.86,57.95285604,20.94747473
5/22/13,183.3322895,262.96,58.17614708,20.36293462
5/23/13,182.5971535,261.8,58.27975201,20.51125076
5/24/13,182.2074428,261.74,58.67650882,20.52869972
5/28/13,184.0319972,267.29,58.18735118,20.84278098
5/29/13,184.1559961,265.53,58.65014624,21.043444
5/30/13,185.4314127,266.83,59.52406571,21.26155598
5/31/13,184.2445667,269.2,59.28087093,21.03908176
6/3/13,185.0682733,266.88,59.41070662,21.27028046
6/4/13,182.6237246,265.7,59.22485045,21.2528315
6/5/13,179.5680389,267.17,58.6712363,21.21793358
6/6/13,180.5068873,267.83,57.79468057,21.41859661
6/7/13,182.7654376,276.87,58.23638557,21.36624973
6/10/13,181.5874486,281.07,57.85136011,21.2528315
6/11/13,180.6663143,274.78,57.68132148,20.9998216
6/12/13,178.2040516,271.67,56.96821374,20.93002577
6/13/13,180.4803161,275.79,57.46580741,21.24410702
6/14/13,179.0897576,273.99,56.68613415,21.01727056
6/17/13,179.8337507,278.06,56.94316929,21.5494638
6/18/13,181.4545927,281.76,56.91285232,21.65415755
6/19/13,178.859474,278.16,55.75685326,21.53201484
6/20/13,174.7940834,273.44,54.94462222,21.3182651
6/21/13,173.120099,273.36,54.50463079,21.3583977
6/24/13,171.4195435,270.61,53.05996149,20.98673488
6/25/13,172.6949601,272.088,53.07182465,20.94311249
6/26/13,172.5886754,277.57,52.47075787,21.2746427
6/27/13,173.2883832,277.55,51.90528056,21.48839244
6/28/13,169.2672778,277.69,52.26776601,21.2310203
7/1/13,169.4178479,282.1,53.94047161,21.37933645
7/2/13,169.6127032,283.73,55.16237712,21.36615831
7/3/13,171.1626887,284.03,55.4668649,21.60336484
7/5/13,172.6506748,285.88,55.02133733,21.58579398
7/8/13,172.6949601,290.59,54.70894077,21.63411383
7/9/13,169.435562,291.53,55.67117488,22.09974146
7/10/13,170.2769827,292.33,55.457638,22.32376985
7/11/13,170.764121,299.66,56.32206694,22.72789949
7/12/13,170.1175556,307.55,56.21951651,22.78939747
7/15/13,171.8269682,306.57,56.3421025,22.78061205
7/16/13,171.6941123,306.87,56.70524702,22.58733265
7/17/13,172.3141065,308.69,56.7204055,22.59611808
7/18/13,175.3609353,304.11,56.91127057,22.71911406
7/19/13,171.4195435,305.23,56.0138884,22.68397235
7/22/13,171.9066818,303.48,56.19315393,22.59611808
7/23/13,172.6949601,301.06,55.22828357,22.45555125
7/24/13,174.138661,298.94,58.064897,22.48190753
7/25/13,174.6789416,303.4,57.79995309,22.40283869
7/26/13,174.7940834,312.01,58.12816719,22.39932452
7/29/13,173.7843785,306.1,59.02449485,22.25348643
7/30/13,173.6072373,302.41,59.75342014,22.55219095
7/31/13,172.7481025,301.22,59.64928796,22.48190753
8/1/13,173.4300961,305.57,60.19578421,22.74634888
8/2/13,172.8543872,304.21,60.96873501,23.00903315
8/5/13,173.1555273,300.99,61.87956209,23.11445827
8/6/13,169.1609931,300.75,61.32594794,23.026604
8/7/13,167.8501482,296.91,61.29035846,22.94753516
8/8/13,167.2893421,295.74,61.1690906,23.07053114
8/9/13,167.1914236,297.26,60.2986773,22.8886728
8/12/13,168.3219374,296.69,62.01164006,23.14081455
8/13/13,167.7255246,293.97,64.95857289,23.12368297
8/14/13,166.9332748,291.34,66.14344952,23.17332063
8/15/13,165.3843818,286.47,66.0651654,21.51111785
8/16/13,164.983806,284.82,66.6516329,21.32223118
8/19/13,163.9957191,285.57,67.3694585,21.32223118
8/20/13,164.2894747,287.09,66.48444986,21.36615831
8/21/13,164.5565252,284.57,66.65561345,21.14652264
8/22/13,164.8502808,289.73,66.73522442,21.09381008
8/23/13,165.0550195,290.01,66.47781561,20.96202867
8/26/13,164.449705,286.21,66.73655127,20.93567239
8/27/13,162.6693683,280.93,64.82854163,20.63257516
8/28/13,162.1530706,281.58,65.13451314,20.59743345
8/29/13,162.5803514,283.98,65.24119184,20.60182617
8/30/13,162.2509891,280.98,64.6462325,20.47883019
9/3/13,163.7553737,288.8,64.82721478,20.62818245
9/4/13,163.0165339,293.64,66.16879235,20.88295983
9/5/13,163.9245057,294.1,65.71487712,20.81267641
9/6/13,162.9275171,295.86,66.10629774,20.68968044
9/9/13,164.6633454,299.71,67.16114312,21.01474123
9/10/13,166.1054182,300.36,65.6312856,21.22119877
9/11/13,169.7551085,299.64,62.05807979,21.41447816
9/12/13,169.7818136,298.86,62.71885086,21.33980203
9/13/13,171.063656,297.92,61.68523507,21.36615831
9/16/13,171.936021,296.06,59.72415145,21.41887087
9/17/13,171.0547543,304.17,60.41411321,21.41008545
9/18/13,173.0665349,312.034,61.65604438,21.78346609
9/19/13,172.1496614,312.06,62.66710373,21.62532841
9/20/13,169.149794,316.34,62.01827431,21.53308142
9/23/13,170.0132573,311.49,65.10054579,21.32662389
9/24/13,169.1052856,314.13,64.89621096,21.20802063
9/25/13,168.6602014,312.65,63.89178586,21.46279801
9/26/13,169.3278277,318.12,64.51407829,20.88295983
9/27/13,166.3902721,316.01,64.0536615,20.49640104
9/30/13,164.8413791,312.64,63.25755178,20.58513386
10/1/13,165.9095811,320.95,64.74495011,20.56668446
10/2/13,164.6455421,320.51,64.95724604,20.637482
10/3/13,163.6663569,314.76,64.14123357,20.35871669
10/4/13,163.8799973,319.04,64.09081329,20.37199123
10/7/13,162.0195454,310.03,64.71708627,20.25694524
10/8/13,159.0908914,303.23,63.81350173,20.03127809
10/9/13,161.4053292,298.23,64.56290635,19.91180724
10/10/13,164.4764101,305.174,64.96759546,20.36314154
10/11/13,165.7137441,310.889,65.38873751,20.60208323
10/14/13,166.4347805,310.7,65.81704454,20.65518138
10/15/13,164.3784915,306.4,66.16733282,20.51358631
10/16/13,166.2211401,310.49,66.49028799,20.349867
10/17/13,155.6281365,310.77,66.93955925,20.16048359
10/18/13,154.6934597,328.931,67.5220462,20.31977805
10/21/13,153.8745048,326.44,69.17689294,20.292344
10/22/13,155.75276,332.54,68.97859528,20.04455262
10/23/13,156.4648947,326.756,69.65429341,19.69498979
10/24/13,158.2719365,332.21,70.57645383,19.80074361
10/25/13,157.4262766,363.39,69.78671299,19.87198363
10/28/13,157.8713607,358.16,70.30657264,19.9560557
10/29/13,162.1174639,362.7,68.55539662,20.19942224
10/30/13,160.3638322,361.08,69.64580157,20.09322593
10/31/13,159.5270739,364.03,69.35469078,19.9649054
11/1/13,159.5448773,359.002,69.00015658,19.96933024
11/4/13,160.4706524,358.74,69.89179947,19.98260478
11/5/13,158.3164449,358.892,69.71917635,20.41181485
11/6/13,160.3549305,356.18,69.5229353,20.60208323
11/7/13,161.0797896,343.56,68.39811902,20.45163846
11/8/13,161.0708407,350.31,69.47488904,20.80562615
11/11/13,163.6570662,354.378,69.27309476,20.74810315
11/12/13,163.8270949,349.53,69.40148504,21.00031937
11/13/13,164.256641,356.22,69.48476522,21.23483621
11/14/13,163.0574914,367.396,70.48919893,18.90736719
11/15/13,163.9344814,369.17,70.0662584,19.05781195
11/18/13,165.0799377,366.18,69.21717425,18.8409945
11/19/13,165.7779501,364.94,69.3400926,18.9560405
11/20/13,165.7242568,362.57,68.73284128,18.78789635
11/21/13,164.7756758,368.92,69.55176306,19.00028896
11/22/13,162.2431436,372.31,69.37345805,18.99143926
11/25/13,160.1312086,376.64,69.89929765,18.82329511
11/26/13,158.6725416,381.37,71.18853891,18.77019696
11/27/13,160.1580552,386.71,72.86481947,18.82329511
11/29/13,160.7934255,393.62,74.21411855,18.80559573
12/2/13,158.8246725,392.3,73.5681633,18.66400066
12/3/13,157.5718297,384.66,75.5823692,18.81444542
12/4/13,157.2675679,385.96,75.40593267,18.80471076
12/5/13,157.5718297,384.49,75.79310543,18.5047062
12/6/13,158.9947012,386.95,74.74129276,18.83214481
12/9/13,158.8067748,384.89,75.59678308,18.77904665
12/10/13,158.5025129,387.78,75.47933667,18.77019696
12/11/13,156.7843285,382.19,74.92013161,18.47815712
12/12/13,155.146684,381.25,74.81069292,18.15071851
12/13/13,154.636598,384.24,73.99524115,17.91177683
12/16/13,159.155781,388.97,74.40496896,18.30116328
12/17/13,157.2854656,387.65,74.06997977,18.51355589
12/18/13,159.9164355,395.96,73.50677086,18.58435343
12/19/13,161.2766649,395.19,72.66462673,18.64630127
12/20/13,161.0976873,402.2,73.27321266,18.69939942
12/23/13,163.0753892,402.92,76.08525337,19.08878588
12/24/13,163.961328,399.2,75.76227575,19.19498218
12/26/13,165.8674389,404.39,75.25912466,19.2923288
12/27/13,165.6258192,398.08,74.75063509,19.48702202
12/30/13,166.8160198,393.37,74.00725271,19.69056494
12/31/13,167.8540896,398.79,74.87475459,19.8498594
1/2/14,166.0285187,397.97,73.82174077,19.6197674
1/3/14,167.021844,396.44,72.20017957,19.60193125
1/6/14,166.4491159,393.63,72.59389196,19.62868548
1/7/14,169.7691493,398.03,72.07439179,19.89622776
1/8/14,168.2120447,401.92,72.5311649,19.88106703
1/9/14,167.6840609,401.01,71.60480635,19.70003009
1/10/14,167.5766744,397.66,71.12714647,19.81596508
1/13/14,164.8025225,390.98,71.49950497,19.78921085
1/14/14,166.3775249,397.54,72.92220805,19.98540852
1/15/14,168.0062205,395.87,74.3862843,20.31537734
1/16/14,168.919006,395.8,73.97121802,20.31537734
1/17/14,170.1092067,399.61,72.1588064,20.27970503
1/21/14,168.623693,407.05,73.27988575,20.35996772
1/22/14,163.0932869,404.54,73.60553261,20.3688858
1/23/14,163.522833,399.87,74.22879935,20.11917966
1/24/14,160.75763,387.6,72.87950027,19.79812893
1/27/14,159.2005253,386.28,73.47073617,19.6197674
1/28/14,158.2608932,394.43,67.59841574,19.3968155
1/29/14,157.8581938,384.2,66.83101024,19.30763474
1/30/14,158.717286,403.01,66.70181919,19.59836402
1/31/14,158.1087623,358.69,66.81099096,19.53950472
2/3/14,154.7260867,346.15,66.93511046,19.21845398
2/4/14,154.6723935,347.95,67.90404333,19.44140588
2/5/14,155.9252363,346.45,68.41119828,19.60193125
2/6/14,157.1601813,354.59,68.8075799,20.05675313
2/7/14,159.4815489,361.08,69.77019595,20.2172785
2/10/14,159.3825759,360.87,71.02011998,20.35996772
2/11/14,161.6859483,361.79,71.95588481,20.25295081
2/12/14,162.1718159,349.25,71.95051457,20.37780387
2/13/14,163.6114237,357.2,73.09303375,19.86055546
2/14/14,165.2759702,357.35,73.03396108,20.11917966
2/18/14,164.8260928,353.65,73.30247322,19.98540852
2/19/14,164.6101516,347.38,72.14518588,19.86947353
2/20/14,165.7888305,349.8,71.3101131,19.88730969
2/21/14,164.4661908,346.76,70.51800227,19.73570239
2/24/14,165.060029,351.78,70.82679124,19.72678432
2/25/14,164.8620829,358.32,70.0897254,19.47707819
2/26/14,165.6088795,359.8,69.4573793,19.55734087
2/27/14,166.6975829,360.13,70.84290197,19.54842279
2/28/14,166.6076074,362.1,70.65091578,19.44140588
3/3/14,165.7888305,359.78,70.85498502,19.23629013
3/4/14,167.750296,363.9,71.32219615,19.45924203
3/5/14,168.3801244,372.37,71.47256295,19.50383241
3/6/14,168.8300019,372.16,71.25641067,19.45924203
3/7/14,168.8659921,372.06,71.21479129,19.37897935
3/10/14,167.7053083,370.53,71.27923421,19.34330704
3/11/14,168.0382176,368.82,71.9733381,19.27196244
3/12/14,167.55235,370.64,72.04315126,19.45924203
3/13/14,165.4649187,371.51,71.24298507,19.19169975
3/14/14,163.944333,373.74,70.44281887,19.04000328
3/17/14,167.1834505,375.04,70.71804382,19.18278168
3/18/14,168.0832053,378.77,71.34367712,19.28979859
3/19/14,166.1937201,373.23,71.32488127,19.28979859
3/20/14,169.0639381,368.97,70.98118572,19.46816011
3/21/14,167.9572397,360.62,71.54103355,19.29871666
3/24/14,169.3788523,351.85,72.38953193,19.23629013
3/25/14,175.4881878,354.71,73.16821715,19.92298199
3/26/14,173.3107811,343.41,72.46874301,19.90514584
3/27/14,170.800465,338.47,72.15726892,19.63760356
3/28/14,171.358313,338.29,72.07671528,19.91406391
3/31/14,173.1938129,336.365,72.06060455,19.98986756
4/1/14,175.0023202,342.99,72.71980187,20.77019922
4/2/14,174.1475531,341.96,72.84063233,20.67129351
4/3/14,173.3737639,333.62,72.3358295,20.76120779
4/4/14,172.5459894,323,71.40006467,20.42106206
4/7/14,175.0203153,317.76,70.27902646,20.54541351
4/8/14,173.9136168,327.07,70.27499878,20.62633637
4/9/14,176.9277956,331.805,71.19868056,20.78818208
4/10/14,176.064031,317.11,70.28036902,20.36558495
4/11/14,175.6231511,311.73,69.76079802,20.19474781
4/14/14,177.9445186,315.91,70.03870809,20.54541351
4/15/14,177.2697025,316.08,69.53926208,20.58137923
4/16/14,176.7118544,323.68,69.68024438,20.70725922
4/17/14,170.9624209,324.91,70.47638289,20.86910493
4/21/14,172.9958669,330.87,71.31279822,21.03994207
4/22/14,172.8878963,329.32,71.38381969,21.14783921
4/23/14,172.5099993,324.58,70.45087424,21.12985635
4/24/14,171.1513694,337.15,76.22657049,20.97700207
4/25/14,170.620514,303.83,76.78641831,20.68028494
4/28/14,173.7786536,296.58,79.76019033,20.69826779
4/29/14,175.5511707,300.38,79.52389964,20.82414779
4/30/14,176.7748373,304.13,79.22316604,20.77919065
5/1/14,174.129558,307.89,79.40978198,20.68927637
5/2/14,172.2490703,308.01,79.55746366,20.62633637
5/5/14,172.0871145,310.05,80.68252955,20.63982351
5/6/14,170.980416,297.38,79.80315227,20.42852495
5/7/14,171.3133253,292.71,79.52389964,20.56339637
5/8/14,170.9603818,288.32,79.38293076,20.69646951
5/9/14,172.0192122,292.24,79.05250045,20.69826779
5/12/14,174.2726205,302.86,80.036366,20.85112207
5/13/14,173.9287268,304.64,80.16192277,20.55440494
5/14/14,170.788435,297.62,80.17677357,20.50935789
5/15/14,168.7431729,295.19,79.49498681,21.74127347
5/16/14,169.2861629,297.7,80.66820007,21.91211061
5/19/14,169.2318639,296.755,81.62405162,21.89412775
5/20/14,167.3223493,301.19,81.64025249,21.6873249
5/21/14,168.6798241,305.01,81.85626414,22.01101632
5/22/14,168.037286,304.91,81.98587113,21.92110203
5/23/14,168.2725816,312.24,82.91202107,22.04698203
5/27/14,167.2228011,310.82,84.4646048,22.21781917
5/28/14,165.6843296,310.16,84.245893,22.31672488
5/29/14,166.2997182,313.78,85.78092578,22.19084488
5/30/14,166.8427081,312.55,85.45960845,22.13689631
6/2/14,168.0463358,308.84,84.87232678,22.28075916
6/3/14,166.851758,307.19,86.0725415,22.18634917
6/4/14,166.9784556,306.78,87.05539451,22.02899917
6/5/14,168.308781,323.57,87.39696292,22.20882774
6/6/14,168.6617244,329.67,87.15664997,22.3257163
6/9/14,168.5259769,327.5,88.55127517,22.29874202
6/10/14,166.7793593,332.41,89.0710532,22.47857058
6/11/14,164.9331935,335.2,88.70248333,22.5145363
6/12/14,164.0010608,325.91,87.21875331,22.17286202
6/13/14,165.2137383,326.27,86.26425184,22.20882774
6/16/14,165.0236918,327.62,87.13369873,22.05597346
6/17/14,164.9422434,325.62,87.02029261,22.02899917
6/18/14,166.1549209,334.38,87.11479771,22.14588774
6/19/14,165.449034,327,86.8123814,22.21781917
6/20/14,164.2997053,324.2,85.91458299,22.3257163
6/23/14,164.8336454,327.24,85.83897891,22.20882774
6/24/14,163.6933665,324.16,85.31920088,22.05597346
6/25/14,163.5485692,327.44,85.39480496,22.22681059
6/26/14,163.2318251,325.69,85.90513248,22.1638706
6/27/14,164.4445026,324.57,86.92578752,22.20882774
6/30/14,164.04631,324.78,87.82358593,22.34369916
7/1/14,168.6436248,332.39,88.381166,22.55050201
7/2/14,170.4897906,332.85,88.34336396,22.67638201
7/3/14,170.6164882,337.492,88.86314199,22.8213369
7/7/14,170.1730464,333.55,90.69465075,22.85757563
7/8/14,169.4309602,323.81,90.11060926,22.71262073
7/9/14,170.51694,329.97,90.1484113,23.04782893
7/10/14,169.8653521,327.92,89.81291821,23.04782893
7/11/14,170.1368471,346.2,89.98775263,23.12030638
7/14/14,171.8201159,355.32,91.15016532,23.04782893
7/15/14,170.5802889,354.44,90.08225773,23.2562016
7/16/14,174.082574,355.9,89.57193021,23.53705172
7/17/14,174.2002218,352.454,87.97469958,23.21996288
7/18/14,174.2092716,358.66,89.24116237,23.47363395
7/21/14,172.7160493,359.76,88.77714235,23.41927586
7/22/14,175.648195,360.84,89.51522715,23.50987267
7/23/14,175.2319027,358.14,91.84950303,23.26526128
7/24/14,176.6889257,358.61,91.69829488,23.4011565
7/25/14,175.9287398,324.01,92.30407254,23.52799204
7/28/14,177.1776166,320.41,93.57894629,23.48269363
7/29/14,176.0825869,320,92.97411367,23.29244033
7/30/14,175.5667465,322.51,92.75675195,23.21996288
7/31/14,173.4581355,312.99,90.346872,22.85757563
8/1/14,171.1775778,307.06,90.84774901,22.64920296
8/4/14,171.6210196,313.65,90.33742149,22.7986877
8/5/14,169.3223622,312.32,89.89324754,22.62202392
8/6/14,169.2952127,313.89,89.74203938,22.58578519
8/7/14,167.7749513,311.45,89.73258887,22.52236743
8/8/14,169.8960345,316.8,89.97952445,22.67638201
8/11/14,170.6607169,318.33,91.16671471,22.85757563
8/12/14,170.5423732,319.32,91.14771967,22.78509818
8/13/14,171.0976783,326.28,92.35390498,22.83039659
8/14/14,171.0339547,333.21,92.60084055,22.23245763
8/15/14,170.5787867,333.63,93.05672161,22.13280113
8/18/14,172.3812522,334.53,94.17742922,22.31399476
8/19/14,173.0275909,335.13,95.47858975,22.32305444
8/20/14,173.054901,335.78,95.51657984,22.38647221
8/21/14,174.0835808,332.91,95.52607736,22.54954647
8/22/14,173.3371052,331.59,96.228894,22.33211412
8/25/14,174.0198573,334.02,96.43783948,22.37741253
8/26/14,175.6857724,341.83,95.81955079,22.47706902
8/27/14,175.0121237,343.18,96.99819329,22.46800934
8/28/14,174.7845396,340.02,97.11216355,22.51330774
8/29/14,175.0576405,339.04,97.3496016,22.64014328
9/2/14,174.3839917,342.38,98.10940337,22.54048679
9/3/14,174.7390228,339,93.96848373,22.68544169
9/4/14,173.5828959,345.95,93.18968692,22.56766583
9/5/14,174.0562707,346.38,93.9969763,22.64920296
9/8/14,173.0913144,342.34,93.41762745,22.60390456
9/9/14,172.954764,329.75,93.06621913,22.52236743
9/10/14,174.365785,331.33,95.92497329,22.58578519
9/11/14,174.5296455,330.52,96.33336674,22.81227722
9/12/14,174.1290976,331.19,96.55180975,22.79415786
9/15/14,174.6115758,323.89,96.52331718,22.70356105
9/16/14,175.6584623,327.76,95.79200798,22.84851595
9/17/14,175.5128086,324,96.47582957,22.83492643
9/18/14,176.3776279,325,96.67527753,22.84851595
9/19/14,176.6052119,331.32,95.8869832,22.83039659
9/22/14,175.7950128,324.5,95.98195842,22.62202392
9/23/14,174.4386119,323.63,97.48256691,22.37741253
9/24/14,175.0667438,328.21,96.63728745,22.6310836
9/25/14,172.0626346,321.93,92.95224887,22.23245763
9/26/14,173.0184875,323.21,95.68753524,22.64920296
9/29/14,172.6361463,321.82,95.07969382,22.75791914
9/30/14,172.8091102,322.44,95.68753524,22.97535148
10/1/14,170.3876161,317.46,94.19642426,22.84755851
10/2/14,170.1509287,318.41,94.88024586,22.87494272
10/3/14,171.7531203,322.74,94.61431524,23.10314446
10/6/14,172.0899447,322.2,94.61431524,22.82930237
10/7/14,169.0585253,316.98,93.78803081,22.48699975
10/8/14,172.3812522,322.7,95.73502285,22.50981993
10/9/14,169.704864,315.37,95.94396833,22.08080065
10/10/14,169.2587992,311.39,95.66854019,21.30491473
10/13/14,167.0648891,306.45,94.79476816,20.93066387
10/14/14,167.3197833,308.31,93.78803081,21.04476474
10/15/14,165.4535942,305.97,92.63883064,20.95804808
10/16/14,163.7148521,302.86,91.42314781,20.8302551
10/17/14,165.726695,303.64,92.76229843,21.2227621
10/20/14,153.9378419,306.21,94.74728055,20.93066387
10/21/14,148.5941688,315.33,97.32110904,21.46009191
10/22/14,147.2832847,312.97,97.81498019,21.23189017
10/23/14,147.6383158,313.18,99.56252426,21.51029629
10/24/14,147.5472822,287.06,99.93292762,21.70654979
10/27/14,147.3561116,289.97,99.82845487,21.68829365
10/28/14,148.9309931,295.59,101.376551,21.96669978
10/29/14,148.8035461,294.12,101.9464023,21.99864802
10/30/14,149.6137453,299.07,101.6044915,21.98039188
10/31/14,149.6592621,305.46,102.5732388,22.3363866
11/3/14,149.6228486,305.72,103.9028919,22.43679537
11/4/14,148.0661738,302.81,103.1430901,22.71063746
11/5/14,147.3105948,296.52,103.3900257,22.95709534
11/6/14,147.9842436,296.64,103.6844489,23.05750411
11/7/14,148.5433318,299.86,103.9801451,23.1214006
11/10/14,149.8448159,305.11,103.8084505,22.95709534
11/11/14,149.6706737,312.01,104.6383076,22.95709534
11/12/14,148.4058511,311.51,106.1167887,22.92058307
11/13/14,149.2032392,316.48,107.614347,23.44088304
11/14/14,150.4588965,327.82,108.9115949,24.0250795
11/17/14,150.4588965,323.05,108.7303618,24.15743651
11/18/14,148.3783549,324.93,110.1420728,24.27610142
11/19/14,147.9567474,326.54,109.3789857,24.27153738
11/20/14,147.2326823,330.54,110.9433141,24.47235492
11/21/14,147.489313,332.63,111.0959315,24.53625141
11/24/14,148.6166549,335.64,113.1514972,24.67317245
11/25/14,148.259205,335.04,112.1737919,24.9013742
11/26/14,148.4333472,333.57,113.5091942,25.03373121
11/28/14,148.6349856,338.64,113.4424241,25.2299847
12/1/14,148.0575666,326,109.7605292,25.18434436
12/2/14,149.0932547,326.31,109.3408314,25.39428996
12/3/14,150.7888502,316.5,110.5808478,25.51295487
12/4/14,150.3580773,316.93,110.1611499,25.34864961
12/5/14,149.6431775,312.63,109.6937591,25.10219173
12/8/14,148.3508588,306.64,107.2137263,24.85573385
12/9/14,149.3865469,312.5,108.8543634,25.02916717
12/10/14,147.1135324,305.84,106.7844899,24.52712334
12/11/14,147.6267937,307.36,106.4697165,24.63666017
12/12/14,142.4116918,307.32,104.6669234,24.51343123
12/15/14,140.2853234,306.07,103.2313659,24.35369001
12/16/14,138.7730355,295.06,101.8196549,24.26697335
12/17/14,139.2496354,298.88,104.3616886,24.47235492
12/18/14,144.5197295,297.73,107.452191,25.23911277
12/19/14,145.2804561,299.9,106.6223339,25.34864961
12/22/14,147.9659128,306.54,107.7288101,25.75941275
12/23/14,148.6991433,306.285,107.3472665,25.78679696
12/24/14,148.3141973,303.03,106.8417214,25.83243731
12/26/14,148.7907971,309.09,108.7303618,25.87807766
12/29/14,147.1135324,312.04,108.6540531,25.97848642
12/30/14,146.6919248,310.3,107.3281894,25.88720572
12/31/14,147.0493747,310.35,105.2869316,25.38972593
1/2/15,148.5341664,308.52,104.2853799,25.37603382
1/5/15,146.1969942,302.19,101.3474949,24.87053514
1/6/15,143.0441031,295.29,101.3570334,24.86134425
1/7/15,142.1092343,298.42,102.778283,25.09111638
1/8/15,145.1979677,300.46,106.7272583,25.28412497
1/9/15,145.830379,296.93,106.8417214,25.54146975
1/12/15,143.3832222,291.41,104.2090712,25.78043277
1/13/15,143.7223413,294.74,105.1343142,25.82179175
1/14/15,142.7966378,293.27,104.7336935,25.66095126
1/15/15,141.669296,286.95,101.8911944,25.19221612
1/16/15,144.0247989,290.74,101.0994916,25.44037002
1/20/15,143.8506567,289.44,103.703526,25.79881454
1/21/15,139.3962815,297.25,104.4952288,25.58742418
1/22/15,142.4208572,310.32,107.2137263,26.1940226
1/23/15,142.8607955,312.39,107.7669644,25.92748693
1/26/15,143.3098992,309.66,107.8814275,25.70690568
1/27/15,140.8444117,306.75,104.1041467,24.72348098
1/28/15,138.9013509,303.91,109.9894554,24.63616757
1/29/15,142.5033457,311.78,113.4138084,25.0175893
1/30/15,140.5144579,354.53,111.7540941,24.23176862
2/2/15,141.7517844,364.47,113.1562665,24.65914478
2/3/15,145.2437946,363.55,113.1753437,24.92568045
2/4/15,143.8598221,364.75,114.0433551,24.53047239
2/5/15,144.7305333,373.89,114.8541351,25.05435284
2/6/15,144.6480448,374.28,113.8869625,25.03597107
2/9/15,143.7527628,370.56,114.6434639,24.92568045
2/10/15,146.3463118,372.995,116.845936,25.2657432
2/11/15,146.0140422,375.14,119.5846623,24.75105363
2/12/15,146.309393,377.17,121.0976649,27.07634757
2/13/15,148.0445788,381.83,121.6913748,27.04877491
2/17/15,148.5614427,375.43,122.4095722,26.93848429
2/18/15,149.6966972,373.37,123.2570452,27.10392022
2/19/15,151.2657483,378.995,123.0032821,26.93848429
2/20/15,151.0442352,383.66,124.0039705,27.21421084
2/23/15,150.3612365,380.14,127.3603466,27.23259262
2/24/15,152.1333412,378.59,126.5655414,27.23259262
2/25/15,150.2689394,385.37,123.3288649,27.10392022
2/26/15,148.4783753,384.8,124.8849594,27.4899374
2/27/15,149.4659544,380.16,123.0128581,27.12230199
3/2/15,148.1184165,385.655,123.6161439,27.74728218
3/3/15,148.6260507,384.61,123.874695,27.14987465
3/4/15,147.140067,382.72,123.0894658,26.95686606
3/5/15,148.7644963,387.83,121.049785,26.92929341
3/6/15,146.2909335,380.09,121.2317284,26.58463521
3/9/15,148.3860782,378.56,121.7488306,26.98443872
3/10/15,145.6540834,369.51,119.2303515,26.34107676
3/11/15,144.7218825,366.37,117.0566073,25.97344135
3/12/15,145.8109885,374.24,119.1728957,25.95505958
3/13/15,142.3959951,370.58,118.3493627,25.67933303
3/16/15,144.9803145,373.35,119.651694,26.01020489
3/17/15,144.8695579,371.92,121.6530709,25.87234162
3/18/15,147.5000258,375.135,123.022434,25.87234162
3/19/15,147.5000258,373.24,122.0887774,25.97344135
3/20/15,150.3335474,378.49,120.5614108,26.13887729
3/23/15,151.9487469,375.11,121.8158623,26.10670919
3/24/15,150.4443039,374.09,121.3179121,25.73447834
3/25/15,146.9370134,370.96,118.1482674,25.23817054
3/26/15,148.2199433,367.35,118.9718004,24.89810779
3/27/15,148.0445788,370.56,118.0237798,24.93487133
3/30/15,150.1397234,374.59,121.0114812,25.41279736
3/31/15,148.1368759,372.1,119.1537438,25.49091988
4/1/15,146.918554,370.255,118.9813764,25.23624221
4/2/15,148.0907274,372.25,120.0060048,25.12511014
4/6/15,149.5582516,377.04,121.9499258,25.20845919
4/7/15,149.5859407,374.41,120.6667464,25.3658963
4/8/15,149.382887,381.2,120.2741318,25.5140724
4/9/15,149.8351429,383.54,121.1934245,25.58352995
4/10/15,150.3150879,382.65,121.7105267,25.96786171
4/13/15,149.8720618,382.36,121.4711275,25.91229567
4/14/15,149.7982241,385.11,120.9444494,25.75485856
4/15/15,151.4872613,383.45,121.4040958,26.16234284
4/16/15,150.5642902,386.04,120.8199619,26.48647806
4/17/15,148.293781,375.56,119.4601747,25.85209913
4/20/15,153.3608929,389.51,122.189325,26.37534599
4/21/15,151.6072476,391.18,121.5285833,26.56982712
4/22/15,152.6225159,389.8,123.1660735,26.50500008
4/23/15,157.1266153,389.99,124.1715499,26.55593561
4/24/15,156.7020486,445.1,124.7556839,26.6902202
4/27/15,157.5788712,438.56,127.0251878,26.75504725
4/28/15,160.5231493,429.31,125.0238109,27.15327052
4/29/15,160.9661755,429.37,123.1852254,26.90322335
4/30/15,158.0957351,421.78,119.8432133,26.69948121
5/1/15,160.2924065,422.87,123.4820804,26.9773114
5/4/15,160.5692979,423.04,123.2426812,27.01435542
5/5/15,159.7478535,421.19,120.4656511,26.75504725
5/6/15,158.1511133,419.1,119.7091498,26.8291353
5/7/15,159.0253388,426.88,120.4464992,26.67632869
5/8/15,160.5970847,433.69,122.7158089,27.06992146
5/11/15,159.1462424,432.85,121.4657654,27.05139945
5/12/15,158.6161269,431.02,121.0282502,27.06992146
5/13/15,160.2250738,426.87,121.1676781,27.18105354
5/14/15,161.8712219,432.28,123.9946996,26.90322335
5/15/15,161.1365004,426,123.8216167,27.36627366
5/18/15,160.950495,425.24,125.1870488,27.5607548
5/19/15,161.3411064,421.71,125.0716602,27.53760228
5/20/15,161.601514,423.86,125.0620444,27.43110071
5/21/15,161.2109026,431.63,126.3409351,27.25514159
5/22/15,160.1692722,427.63,127.4467428,27.09770448
5/26/15,158.2255155,425.47,124.6389528,26.81061328
5/27/15,159.9646662,431.42,126.9707647,27.14400951
5/28/15,159.6949584,426.57,126.7159481,27.18105354
5/29/15,157.7791025,429.23,125.2735903,27.14400951
6/1/15,158.2720169,430.92,125.5187911,27.02361643
6/2/15,157.7791025,430.99,124.9658872,26.93100637
6/3/15,158.0302098,436.59,125.1197387,26.94026737
6/4/15,156.597968,430.78,124.3889441,26.49573907
6/5/15,155.6865414,426.95,123.706228,26.46795605
6/8/15,153.7706856,423.5,122.8888919,26.18549536
6/9/15,154.0868948,425.48,122.5234946,26.15308184
6/10/15,157.1001827,430.77,123.9273896,26.5420441
6/11/15,156.9699789,432.97,123.6485337,26.72726423
6/12/15,155.3052303,429.92,122.2831016,26.43091203
6/15/15,154.6263105,423.67,122.0427086,26.37534599
6/16/15,155.1657263,427.26,122.6965775,26.58834913
6/17/15,155.4726352,427.81,122.4081059,26.79209127
6/18/15,156.4770645,439.39,122.9658176,27.05139945
6/19/15,155.3052303,434.92,121.7350056,26.88470134
6/22/15,155.9934504,436.29,122.7061932,26.80135228
6/23/15,156.8211745,445.99,122.1484815,26.65780668
6/24/15,155.2866298,440.84,123.1869792,26.40312901
6/25/15,154.4589056,440.1,122.6004203,26.30125794
6/26/15,153.8822888,438.1,121.8792414,26.19012586
6/29/15,151.5665213,429.86,119.7445517,25.50481139
6/30/15,151.2782129,434.09,120.6051586,25.43072334
7/1/15,152.9801625,437.39,121.7350056,25.52333341
7/2/15,153.5381788,437.71,121.5811541,25.50466918
7/6/15,153.203369,436.04,121.1580624,25.40201592
7/7/15,153.4544763,436.72,120.8599751,25.53266552
7/8/15,151.7432264,429.7,117.8598707,25.18737728
7/9/15,152.3849451,434.39,115.4559409,25.11272036
7/10/15,155.2680292,443.51,118.5425868,25.4580086
7/13/15,157.5279952,455.57,120.831128,25.93394645
7/14/15,156.8118743,465.57,120.7830494,26.1579172
7/15/15,156.7374721,461.19,121.9465514,26.23257412
7/16/15,159.0346391,475.48,123.571608,26.42854852
7/17/15,160.4389801,483.01,124.6389528,26.29789892
7/20/15,161.0992993,488.1,126.994804,26.1579172
7/21/15,151.659524,488,125.7255291,25.98060702
7/22/15,149.1298502,488.27,120.4080363,25.69131147
7/23/15,150.4132876,482.18,120.350342,26.13925297
7/24/15,148.5718339,529.42,119.7157045,26.50320544
7/27/15,147.9394155,531.41,118.0521851,26.32589526
7/28/15,148.850842,526.03,118.638744,26.32589526
7/29/15,149.8180703,529,118.2637309,26.50320544
7/30/15,149.6971667,536.76,117.6675563,26.40988429
7/31/15,150.6550947,536.15,116.6386744,26.52186967
8/3/15,147.6046057,535.03,113.8885787,26.46587698
8/4/15,146.5722756,531.9,110.2346054,26.1579172
8/5/15,146.8512837,537.01,110.9654,26.38188795
8/6/15,146.5908761,529.46,111.205793,26.32589526
8/7/15,145.4655623,522.62,111.5824999,26.26990257
8/10/15,146.9941136,524,115.6393428,26.68051562
8/11/15,145.8312893,527.46,109.6216924,26.14858508
8/12/15,146.4408343,525.91,111.3120437,26.03659971
8/13/15,145.4186743,529.66,111.2251113,26.78316888
8/14/15,146.0563521,531.52,112.0075025,27.09112866
8/17/15,146.5814985,535.22,113.1666004,26.89982031
8/18/15,146.3001701,535.02,112.5290965,26.36322372
8/19/15,144.3590038,532.92,111.0898832,25.94327856
8/20/15,143.1586691,515.78,108.8103238,25.23403785
8/21/15,139.5857978,494.47,102.1551695,24.70210732
8/24/15,134.540641,463.37,99.60515396,23.50759665
8/25/15,132.1868596,466.37,100.2040213,22.97566612
8/26/15,137.5696106,500.77,105.9512155,23.96487027
8/27/15,139.2950917,518.37,109.0711209,24.42214388
8/28/15,138.7699453,518.01,109.4285094,24.26349794
8/31/15,138.6855468,512.89,108.9165745,24.15151256
9/1/15,133.7998094,496.54,104.0483629,23.44227185
9/2/15,136.0223041,510.55,108.5108902,23.93687393
9/3/15,137.6446315,504.72,106.6080376,24.17017679
9/4/15,134.7563261,499,105.5455312,23.81555644
9/8/15,138.0666242,517.54,108.4819127,24.54346137
9/9/15,136.0223041,516.89,106.3955363,24.20750525
9/10/15,137.1007298,522.24,108.7330506,24.50613292
9/11/15,138.1979108,529.44,110.3171512,24.28216217
9/14/15,136.584961,521.38,111.3796577,23.9835345
9/15/15,138.3479526,522.37,112.3165952,24.24483371
9/16/15,139.1731827,527.39,112.4421642,24.32882274
9/17/15,138.9199871,538.87,110.0370359,24.15151256
9/18/15,135.5159129,540.26,109.5830558,23.83422067
9/21/15,137.3633031,548.39,111.2830662,23.83422067
9/22/15,135.440892,538.4,109.5347601,23.46093608
9/23/15,134.7188157,536.07,110.4234019,23.59158569
9/24/15,135.4221368,533.75,111.0802241,23.71290318
9/25/15,136.3692759,524.25,110.8001087,24.28682822
9/28/15,133.6497676,504.06,108.6074817,23.94620604
9/29/15,133.6028795,496.07,105.342689,23.92754181
9/30/15,135.9472832,511.67,106.2023534,24.49213474
10/1/15,134.6531724,520.72,105.8449648,24.20750525
10/2/15,135.5815562,532.54,106.6176968,24.23573009
10/5/15,139.7639725,543.68,107.0040628,25.26123264
10/6/15,139.5201545,537.48,107.5159977,25.6187473
10/7/15,140.748622,541.94,107.0040628,25.91040399
10/8/15,142.8023197,533.16,105.7676916,26.25851036
10/9/15,142.9054735,539.8,108.2983889,26.25851036
10/12/15,141.7332716,550.19,107.7961131,26.30555176
10/13/15,140.3078741,548.9,107.9796369,26.20206068
10/14/15,140.6736011,544.83,106.4534912,26.17383584
10/15/15,140.748622,562.44,108.047251,26.48430909
10/16/15,141.0299505,570.76,107.2552007,26.57839189
10/19/15,139.9327695,573.15,107.921682,26.57839189
10/20/15,131.886776,560.88,109.8921486,26.8135989
10/21/15,132.1493492,555.77,109.8824895,26.60661673
10/22/15,135.1220531,563.91,111.5631816,27.29342119
10/23/15,135.6753324,599.03,115.0211572,27.61330272
10/26/15,134.7188157,608.61,111.3506803,27.23697151
10/27/15,129.279799,611.01,110.6455623,27.33105431
10/28/15,132.0649506,617.1,115.2046811,27.622711
10/29/15,131.8023774,626.55,116.421734,27.41572884
10/30/15,131.3616295,625.9,115.4268415,27.14288871
11/2/15,131.6335804,628.35,117.0495787,27.06762246
11/3/15,133.0496002,625.31,118.3922005,26.91708998
11/4/15,132.8151598,640.95,117.841629,26.78537406
11/5/15,131.1834548,655.65,117.3007166,26.74774093
11/6/15,130.8646159,659.37,117.4365262,26.76655749
11/9/15,128.0816722,655.49,116.9611925,26.51253393
11/10/15,128.2331249,659.68,113.2749312,26.32436832
11/11/15,127.8071641,673.25,112.6346858,26.17383584
11/12/15,125.9329367,665.6,112.256359,26.18324412
11/13/15,124.7118492,642.35,108.9775265,24.6591027
11/16/15,126.567145,647.81,110.7576027,25.20478296
11/17/15,126.6712687,643.3,110.2871193,25.22359952
11/18/15,128.5644277,663.54,113.7793669,25.51525621
11/19/15,129.4352809,661.27,115.2247694,25.75046322
11/20/15,131.1012608,668.45,115.7292052,25.93862883
11/23/15,131.0633976,678.99,114.2255986,25.8069129
11/24/15,131.1959188,671.15,115.3217763,25.65638042
11/25/15,130.6279711,675.34,114.4972178,25.62815558
11/27/15,131.0633976,673.26,114.2838027,25.70342182
11/30/15,131.9721139,664.8,114.7591364,25.63756386
12/1/15,133.7327518,679.06,113.8278704,25.93862883
12/2/15,132.2371562,676.01,112.7995975,25.81632118
12/3/15,131.4988242,666.25,111.7519232,25.35531545
12/4/15,132.9281592,672.64,115.4672866,25.8539543
12/7/15,132.0951693,669.83,114.739735,25.86336258
12/8/15,130.6753,677.33,114.6912316,25.54348105
12/9/15,129.3122256,664.79,112.1593521,25.14833328
12/10/15,129.4731441,662.32,112.6928899,25.1859664
12/11/15,127.3812034,640.15,109.7923843,24.6120613
12/14/15,128.6685515,657.91,109.1133361,24.92253455
12/15/15,130.4291894,658.64,107.1828993,25.26123264
12/16/15,131.8490586,675.77,108.0074577,25.62345144
12/17/15,129.4447467,670.65,105.7180954,25.138925
12/18/15,127.6935746,664.14,102.8563925,24.71555239
12/21/15,128.2615223,664.51,104.1174819,25.05895462
12/22/15,130.5617105,663.15,104.020475,25.29886577
12/23/15,131.139124,663.7,105.35917,25.77868806
12/24/15,130.8646159,662.79,104.7965301,25.7598715
12/28/15,130.2588051,675.2,103.6227468,25.69401354
12/29/15,132.3128826,693.97,105.4852789,26.12679443
12/30/15,131.8963876,689.07,104.1077812,25.90099571
12/31/15,130.2682708,675.89,102.1094395,25.54818519
1/4/16,128.6874831,636.99,102.1967457,25.0448422
1/5/16,128.5928251,633.79,99.63576416,24.93104511
1/6/16,127.9491511,632.65,97.68592592,24.66551857
1/7/16,125.7625524,607.94,93.56313361,24.09653314
1/8/16,124.5982596,607.05,94.05786869,23.49909843
1/11/16,126.1127868,617.74,95.58087667,23.96376987
1/12/16,125.8004156,617.89,96.96807502,24.0396346
1/13/16,124.1628331,581.81,94.47499827,23.3284028
1/14/16,125.8098814,593,96.54124476,23.38530135
1/15/16,123.0837324,570.18,94.22278038,22.39905993
1/19/16,121.2662998,574.48,93.76684806,22.61717101
1/20/16,115.3501779,571.77,93.892957,21.71627741
1/21/16,116.3440864,575.02,93.4176233,21.71627741
1/22/16,115.9559888,596.38,98.38437544,22.16198266
1/25/16,115.5584254,596.53,96.46363926,21.97232085
1/26/16,116.041181,601.25,96.99717709,22.49389083
1/27/16,114.4982564,583.35,90.62382522,22.21888121
1/28/16,115.6909465,635.35,91.2737713,21.91068076
1/29/16,118.1236559,587,94.42649483,22.56027247
2/1/16,118.161519,574.81,93.54373224,22.26629666
2/2/16,116.3724838,552.1,91.65209812,21.64989577
2/3/16,118.0573953,531.07,93.46612674,21.90593922
2/4/16,120.8308732,536.26,94.2130797,22.3231952
2/5/16,121.7017264,502.13,91.69682974,21.70679432
2/8/16,121.4272183,488.1,92.66236751,21.74472668
2/9/16,118.6444714,482.07,92.6428617,21.47920014
2/10/16,114.9341421,490.48,91.94065241,21.34643687
2/11/16,112.6964694,503.82,91.38473672,23.40426753
2/12/16,115.746972,507.08,91.66757102,23.81204042
2/16/16,117.3726317,521.1,94.25209132,24.50430603
2/17/16,120.5857003,534.1,95.69552153,25.09225765
2/18/16,126.6580175,525,93.88148086,25.06380838
2/19/16,127.2604679,534.9,93.66691691,25.17760547
2/22/16,127.9202945,559.5,94.48616109,25.25347019
2/23/16,126.610204,552.94,92.3502745,24.76983257
2/24/16,126.9927122,554.04,93.72543436,24.95949438
2/25/16,128.6183719,555.15,94.3691262,25.22502092
2/26/16,126.2563839,555.23,94.51541981,25.0448422
2/29/16,125.3001135,552.52,94.30085586,24.82673111
3/1/16,128.4940567,579.04,98.04597207,25.443132
3/2/16,130.3396587,580.21,98.26053602,25.50951364
3/3/16,131.7740643,577.49,98.99200403,25.48106436
3/4/16,131.7740643,575.14,100.464693,25.41468273
3/7/16,134.0212998,562.8,99.35286158,25.73710781
3/8/16,132.9885277,560.26,98.53361741,25.65175999
3/9/16,134.2699301,559.47,98.62139357,26.18281307
3/10/16,134.0595506,558.93,98.6701581,25.96470198
3/11/16,136.1346574,569.61,99.73322494,26.41989033
3/14/16,136.536291,573.37,99.98680052,26.26816088
3/15/16,136.7084197,577.02,101.9958993,26.23022852
3/16/16,138.4583945,574.27,103.3515534,26.43885651
3/17/16,140.610003,559.44,103.185754,26.73283232
3/18/16,140.6578165,552.08,103.3027888,26.86559559
3/21/16,142.130473,553.98,103.2930359,26.73283232
3/22/16,141.6236496,560.48,104.0830214,26.81818013
3/23/16,139.0417195,569.63,103.5075999,26.39144106
3/24/16,141.4802091,582.95,103.0589662,26.51472124
3/28/16,141.9105308,579.87,102.5908266,26.45782269
3/29/16,142.7998623,593.86,105.0193004,26.6474845
3/30/16,141.9200935,598.69,106.8528469,26.98887576
3/31/16,144.8271556,593.64,106.2969312,26.99835885
4/1/16,145.8503649,598.5,107.2722219,27.20698685
4/4/16,145.4200432,593.19,108.3743004,26.93197722
4/5/16,143.4405634,586.14,107.0966696,26.39601748
4/6/16,143.4596889,602.08,108.2182539,26.79798728
4/7/16,141.7670902,591.43,105.8580504,26.41515889
4/8/16,142.8189877,594.6,105.9750853,26.50129528
4/11/16,142.7233606,595.93,106.3261899,26.43430031
4/12/16,143.0867434,603.17,107.7111027,26.45344173
4/13/16,144.6167761,614.82,109.2715678,27.01811361
4/14/16,144.5498371,620.75,109.3300852,27.03725503
4/15/16,145.0853486,625.89,107.1356812,26.70228019
4/18/16,145.8599276,635.35,104.8242423,26.97983077
4/19/16,137.7029409,627.9,104.2683266,27.11382071
4/20/16,139.7206715,632.99,104.4828906,27.21909851
4/21/16,142.7711742,631,103.3515534,27.02768432
4/22/16,142.0061578,620.5,103.0687191,26.94154793
4/25/16,142.3026016,626.2,102.4835447,27.01811361
4/26/16,142.5607947,616.88,101.7715825,27.22866922
4/27/16,143.8900105,606.57,95.40293433,27.41051271
4/28/16,140.6386911,602,92.48681519,26.75970445
4/29/16,139.5581055,659.59,91.42374835,26.30988109
5/2/16,138.9174043,683.85,91.32621928,26.19503257
5/3/16,137.8272561,671.32,92.82816693,25.70692637
5/4/16,137.9420085,670.9,91.86262916,25.30495656
5/5/16,140.0649289,659.09,91.4920187,25.08483024
5/6/16,142.1878492,673.95,90.9817672,25.39109295
5/9/16,142.2361172,679.75,91.0504549,25.37195153
5/10/16,144.7750135,703.07,91.66864422,25.86962844
5/11/16,143.7903465,713.23,90.77570409,25.55379502
5/12/16,143.6841569,717.93,88.64638534,25.52508289
5/13/16,142.6029539,709.92,88.82301086,25.39109295
5/16/16,144.28268,710.66,92.12002054,25.81220418
5/17/16,142.8732547,695.27,91.73733192,25.50594147
5/18/16,142.2361172,697.45,92.7872725,25.57293644
5/19/16,139.9096,698.52,92.43402146,26.38644677
5/20/16,142.1492348,702.8,93.4348994,26.76927516
5/23/16,141.6858621,696.75,94.62221539,26.74056303
5/24/16,143.1725162,704.2,96.06465713,27.24781064
5/25/16,146.4354324,708.35,97.75241208,27.67849258
5/26/16,147.1594523,714.91,98.52760186,27.65935116
5/27/16,147.5455962,712.24,98.46872669,27.67849258
5/31/16,148.4144201,722.79,97.98791278,27.80291181
6/1/16,147.2270275,719.44,96.61415874,27.65935116
6/2/16,148.1827337,728.24,95.88803161,27.83162394
6/3/16,147.5938642,725.54,96.08428218,27.87947749
6/6/16,147.4394067,726.73,96.78097173,27.85076536
6/7/16,148.0186226,723.74,97.17347288,27.82205323
6/8/16,148.6654136,726.64,97.08516012,27.8890482
6/9/16,148.1055049,727.65,97.78184967,27.8890482
6/10/16,147.0918771,717.91,96.97722231,27.78377039
6/13/16,146.0396349,715.24,95.51515551,27.6019269
6/14/16,145.8272558,719.3,95.63290586,27.71677542
6/15/16,145.460419,714.26,95.31890494,27.42008342
6/16/16,145.8272558,717.51,95.72121862,27.63063903
6/17/16,146.7250404,706.39,93.54283722,27.70720471
6/20/16,148.2889233,714.01,93.31714906,27.56364406
6/21/16,148.7136816,715.82,94.11196389,27.53493193
6/22/16,147.622825,710.6,93.75871286,27.48707839
6/23/16,149.9686494,722.08,94.29840194,27.96561387
6/24/16,141.5120973,698.96,91.64901916,26.55871954
6/27/16,138.5291354,691.36,90.31451524,26.13760831
6/28/16,140.6529271,707.95,91.83545721,26.59700238
6/29/16,143.3173202,715.6,92.63027204,27.04682574
6/30/16,146.5223148,715.62,93.8077755,27.45836626
7/1/16,147.0725699,725.68,94.09233883,27.56364406
7/5/16,146.4257788,728.1,93.20921124,27.36265916
7/6/16,147.0918771,737.61,93.7390878,27.73934243
7/7/16,147.3139099,736.57,94.14140148,27.75865952
7/8/16,149.1094792,745.81,94.86752861,28.26090388
7/11/16,149.9493422,753.78,95.16190448,28.42509915
7/12/16,151.6001075,748.21,95.59365574,28.59895297
7/13/16,152.5461602,742.63,95.05396666,28.73417261
7/14/16,154.7278734,741.2,96.93797219,28.74383115
7/15/16,154.2451935,735.44,96.92815966,28.80178243
7/18/16,154.3224222,736.07,97.95847519,28.88870933
7/19/16,154.0521215,739.95,97.9977253,28.89836788
7/20/16,155.770462,745.72,98.08603806,29.5841246
7/21/16,154.8919845,744.43,97.56597404,29.53583188
7/22/16,156.4558675,744.86,96.81040932,29.66139297
7/25/16,157.0157762,739.61,95.51515551,29.73866133
7/26/16,156.5041355,735.59,94.85771608,29.82558824
7/27/16,156.2241811,736.67,101.0199842,29.7096857
7/28/16,155.7801156,752.61,102.3839257,29.47788061
7/29/16,155.0560957,758.81,102.2563628,29.48753915
8/1/16,155.8573444,767.74,104.0618681,29.68071006
8/2/16,155.0174813,760.58,102.5213011,29.57446606
8/3/16,155.1043637,754.64,103.8067424,29.67105151
8/4/16,155.9538804,760.77,104.4445567,29.74831988
8/5/16,157.836332,765.98,106.0328796,29.98012497
8/8/16,157.7784104,766.56,106.9108965,29.95114933
8/9/16,157.5155113,768.31,107.3449723,29.88353951
8/10/16,157.8173584,768.56,106.5458782,29.7966126
8/11/16,159.229224,771.24,106.4768207,29.89319806
8/12/16,157.6907774,772.56,106.7234547,29.81592969
8/15/16,157.6226184,768.49,108.0059514,30.12500315
8/16/16,156.4736519,764.04,107.9072978,30.05739333
8/17/16,156.2204898,764.63,107.749452,29.67105151
8/18/16,157.1162942,764.46,107.611337,29.43924642
8/19/16,155.8310097,757.31,107.8875671,29.47788061
8/22/16,155.7920616,759.48,107.0490115,29.5841246
8/23/16,156.0452237,762.45,107.3844337,29.92217369
8/24/16,154.8670463,757.25,106.5754743,29.99944206
8/25/16,154.4580921,759.22,106.1216678,30.2215886
8/26/16,154.156245,769,105.5001502,30.27953987
8/29/16,155.5194255,771.29,105.3817659,30.50168642
8/30/16,155.2078414,767.58,104.5728064,30.46305224
8/31/16,154.7015172,769.16,104.67146,30.36646678
9/1/16,155.3441595,770.62,105.2929776,30.50168642
9/2/16,155.3538965,772.44,106.2795135,30.74315005
9/6/16,156.1328568,788.87,106.2499175,30.78178424
9/7/16,157.3889303,784.48,106.9010312,30.70451587
9/8/16,154.8183613,784.06,104.0992692,30.39544242
9/9/16,151.595413,760.14,101.7414483,29.7966126
9/12/16,154.127034,771.49,104.0203463,30.36646678
9/13/16,151.712257,761.01,106.4965514,29.99944206
9/14/16,149.9985444,761.09,110.2651186,29.94149079
9/15/16,151.566202,769.69,114.0139551,30.24090569
9/16/16,149.7940673,778.52,113.3727067,29.78695406
9/19/16,150.7969787,775.1,112.0507486,29.96080788
9/20/16,150.3880245,780.22,112.0408832,30.03807624
9/21/16,151.4396209,789.74,112.0211525,30.28919842
9/22/16,152.0043671,804.7,113.0767459,30.57895478
9/23/16,150.9040857,805.75,111.1924624,30.26988133
9/26/16,149.9303853,799.16,111.3601735,30.0091006
9/27/16,152.6470094,816.11,111.567346,30.40510096
9/28/16,154.127034,828.72,112.4157669,30.42441806
9/29/16,153.9517679,829.05,110.6695983,30.31817406
9/30/16,154.6723062,837.31,111.5278846,30.63690605
10/3/16,153.4649177,836.74,111.0050205,30.67554024
10/4/16,152.3451623,834.03,111.4785578,30.52946624
10/5/16,152.9488565,844.36,111.5278846,30.76318464
10/6/16,152.7541164,841.66,112.3565747,30.6560637
10/7/16,151.575939,839.43,112.5242858,30.64632544
10/10/16,152.8904345,841.71,114.4874923,30.64632544
10/11/16,150.7190826,831,114.7341263,30.22757997
10/12/16,150.2322324,834.09,115.7601236,29.54590129
10/13/16,149.6772232,829.28,115.4049707,29.38035076
10/14/16,150.3880245,822.96,116.046219,29.39008903
10/17/16,150.6996086,812.95,115.9672962,29.42904209
10/18/16,146.7561221,817.65,115.8883733,29.64328396
10/19/16,147.2819203,817.69,115.5430857,29.55563956
10/20/16,147.5350824,810.32,115.4838936,29.37061249
10/21/16,145.6947887,818.99,115.030087,29.36087423
10/24/16,146.610067,838.09,116.0659498,29.6627605
10/25/16,146.9119141,835.18,116.6578713,29.54590129
10/26/16,147.8174555,822.59,114.0336858,29.7504049
10/27/16,149.3169541,818.36,112.9386309,29.58485436
10/28/16,148.5964158,776.32,112.1888636,29.78935796
10/31/16,149.6480122,789.82,112.0112872,29.87700236
11/1/16,148.7716819,785.41,109.9888885,29.68223703
11/2/16,147.9537735,765.56,110.0875421,29.59459263
11/3/16,148.3627277,767.03,108.9135644,29.52642476
11/4/16,148.4211497,755.05,107.9318251,29.39982729
11/7/16,151.624624,784.93,109.4887248,30.1301973
11/8/16,152.4522693,787.75,110.1333011,30.1886269
11/9/16,152.0985746,771.88,109.9548031,30.5392045
11/10/16,157.4138209,742.38,106.8905864,30.1886269
11/11/16,158.4454307,739.01,107.5252462,30.5392045
11/14/16,155.4390251,719.07,104.8279422,30.54894277
11/15/16,155.8909684,743.24,106.2162604,30.87030557
11/16/16,156.5001094,746.49,109.0722293,30.7437081
11/17/16,157.001177,756.4,109.0325631,29.26349156
11/18/16,157.5808434,760.16,109.1416453,29.39008903
11/21/16,159.9191588,780,110.7977106,29.26349156
11/22/16,159.8209103,785.33,110.8671265,29.10767929
11/23/16,159.1429953,780.12,110.3018826,28.93239049
11/25/16,160.2826785,780.37,110.8572099,29.30244463
11/28/16,161.6385084,766.77,110.6390456,29.13689409
11/29/16,160.6658478,762.52,110.5299635,29.04924969
11/30/16,159.3787918,750.57,109.597807,29.03951142
12/1/16,157.0208267,743.65,108.5764014,28.67919555
12/2/16,157.2173238,740.34,108.9829803,28.48443022
12/5/16,157.0404764,759.36,108.1995722,28.75710169
12/6/16,157.541544,764.72,109.0325631,28.56233635
12/7/16,161.9037795,770.42,110.1035515,29.16610889
12/8/16,162.4637962,767.33,111.1844564,29.16610889
12/9/16,163.6034793,768.66,112.9991866,29.27322983
12/12/16,162.6013442,760.12,112.3546103,29.38035076
12/13/16,165.3424786,774.34,114.2288399,29.78935796
12/14/16,165.5586254,768.82,114.2288399,29.6627605
12/15/16,165.0772075,761,114.8535831,29.82831103
12/16/16,163.8098013,757.77,115.0023315,29.78935796
12/19/16,163.760677,766,115.6667409,29.94517023
12/20/16,164.6645636,771.22,115.9741542,29.76014316
12/21/16,164.3992926,770.6,116.0832364,29.62380743
12/22/16,164.1340215,766.34,115.3196613,29.6627605
12/23/16,163.7901516,760.59,115.5477422,29.73092836
12/27/16,164.2126203,771.4,116.2815675,29.87700236
12/28/16,163.2792591,772.13,115.7857396,29.62380743
12/29/16,163.6820782,765.15,115.7559899,29.6627605
12/30/16,163.082762,749.87,114.8535831,29.42904209